"","S_model_null","S_model_1","S_model_2","S_model_3","S_model_4","S_model_ENV"
"model.W.GLOBAL_ACTIVE1.S",1.33549096618436e-07,0.0394262567126641,0.0952201818495465,0.126121591561574,0.600162570965011,0.139069265362108
"model.W.GLOBAL_ACTIVE2.S",1.26273206859253e-07,0.0477001615690681,0.0760601990748519,0.169855109735709,0.547051346474529,0.159333056872635
"model.W.GLOBAL_PASSIVE.S",1.11168377630116e-07,0.0239152223421225,0.0803340630387681,0.073659668574296,0.728655994108625,0.0934349407678106
"model.W.GLOBAL_ACTIVE1.B",3.50594485662523e-22,0.626832022611259,0.0124305935251344,0.3606877925985,4.95912649763335e-05,1.30322610444984e-13
"model.W.GLOBAL_ACTIVE2.B",5.10769669395629e-22,0.668727271500116,0.0194598199837104,0.311751677642801,6.12308731681666e-05,2.0475472605331e-13
"model.W.GLOBAL_PASSIVE.B",3.09046546529272e-22,0.599406056511953,0.0146368806106842,0.385916030699805,4.10321773916287e-05,1.66422362519137e-13
